{"stat.useItem.174":6,"stat.useItem.146":4,"stat.useItem.279":21,"stat.useItem.3":131,"stat.useItem.351":102,"achievement.exploreAllBiomes":{"value":0,"progress":["Extreme Hills+","Desert","Ocean","Beach","Plains","Savanna","Savanna Plateau"]},"stat.useItem.143":21,"stat.useItem.46":339,"achievement.openInventory":418,"stat.useItem.361":25,"stat.damageDealt":3125,"stat.useItem.23":3,"stat.useItem.50":22,"stat.killEntity.Bat":3,"stat.useItem.259":74,"stat.useItem.323":16,"stat.useItem.293":26,"stat.fallOneCm":928,"stat.flyOneCm":1392896,"stat.useItem.33":25,"stat.damageTaken":38,"stat.useItem.121":33,"stat.useItem.4":77,"stat.useItem.86":44,"stat.useItem.152":38,"stat.mineBlock.161":115,"stat.useItem.69":49,"stat.mineBlock.162":48,"stat.killEntity.Chicken":15,"stat.drop":257,"stat.useItem.76":4,"stat.killEntity.Enderman":1,"stat.useItem.29":49,"stat.diveOneCm":39534,"stat.useItem.6":4,"stat.useItem.356":4,"stat.useItem.154":2,"achievement.mineWood":40,"stat.useItem.54":32,"stat.mineBlock.17":33,"stat.killEntity.Spider":1,"stat.useItem.109":2,"stat.useItem.295":1,"stat.useItem.17":2,"stat.useItem.134":78,"stat.useItem.85":86,"stat.killEntity.Creeper":9,"stat.useItem.383":161,"stat.animalsBred":17,"stat.useItem.79":19,"stat.playOneMinute":887471,"stat.useItem.123":52,"stat.mineBlock.18":195,"stat.deaths":2,"stat.swimOneCm":44695,"stat.mobKills":47,"stat.useItem.42":23,"stat.killEntity.Skeleton":3,"stat.useItem.98":862,"stat.walkOneCm":417785,"stat.useItem.145":1,"stat.killEntity.Zombie":9,"stat.useItem.44":73,"stat.useItem.276":25,"stat.useItem.7":19,"stat.jump":587,"stat.useItem.1":196,"stat.useItem.20":89,"stat.useItem.331":204,"stat.useItem.13":127,"stat.useItem.12":26,"stat.useItem.138":2}